1879,abajuru,lampshade
1881,abusorosiyo,absolution
1884,adabutateri,adaptor
1885,aderesi,address
1886,Adiventi,Advent
4623,agaca,sparrowhawk
2134,agaciro,dignity
2136,agaco,"small ambush"
5746,agacumu,"small spear"
2158,agacupa,"small bottle"
5123,agacurama,"bat (animal)"
2163,agacuri,cliff
2541,agahene,"small goat"
2547,agahera,"little finger"
2550,agaheri,itch
2561,agahinda,sorrow
2777,agakato,comma
2811,agakingirizo,condom
2826,agakiza,salvation
2833,agakoko,insect
2852,agakoni,"small stick"
4760,agakungu,gang
2915,agakuru,"short story"
1891,agarafeze,stapler
3403,agasahane,saucer
5124,agasamunyiga,ferret
3515,agashishi,"small ant"
4320,agashya,innovation
4539,agasongero,top
3632,agasozi,"small hill"
3652,agasusuruko,"hot part of day"
3664,agatabo,"small book"
4470,agatangaro,"exclamation mark"
3724,agateganyo,replacement
3773,agatimba,"mosquito net"
3801,agatsiko,group
3810,agatsinsino,heel
1892,agisida,accident
4783,ahabanza,homepage
5697,ahabugenewe,allotment
3034,ahantu,place
2668,ahirengeye,"high place"
1976,akababaro,sadness
1983,akabago,period
1991,akabande,valley
1994,akabanga,"small secret"
2010,akabare,pub
2015,akabati,cupboard
4471,akabazo,"question mark"
2028,akabemba,"peanut sauce"
5759,akabwibwi,twilight
2213,akadenesi,"small ball"
2238,akadomo,fullstop
4483,akaduruvayo,disorder
1889,akaga,trouble
4449,akagezi,stream
2690,akajagari,disorder
2692,akajambo,"small word"
2959,akamaro,benefit
2965,akamashu,"mouse trap"
2969,akambi,"arrow (symbol)"
2974,akamenyetso,mark
2989,akamonyo,"small red ant"
1918,akana,baby
3012,akananwa,chin
3021,akangendo,distance
4926,akangononwa,reluctance
3035,akantu,"small thing"
1940,akanya,"brief moment"
3066,akanyamasyo,tortoise
5070,akanyamuneza,joy
3094,akanyenyeri,"little star"
4474,akanyerezo,dash
3112,akanyobwa,"small nut"
3276,akarande,"hereditary trait"
3282,akarango,token
4465,akarasisi,parade
3328,akarimo,"small chore"
3351,akarongo,stroke
5655,akato,quarantine
3921,akavungukira,crumb
3945,akayiko,teaspoon
3947,akayira,"small path"
3953,akayoga,"banana beer"
5533,akayovu,"small elephant"
3957,akayunguruzo,sieve
3967,akazamuko,hill
3970,akazi,work
3993,akazu,"small house"
5041,akerekezo,direction
2649,akika,"bee hive"
2681,akitso,comma
4879,akoko,"hereditary trait"
3870,akugarizo,bracket
2083,alubumu,album
5348,amaburakindi,awkwardness
2115,amacakubiri,division
2119,amacandwe,saliva
2133,amacinya,dysentery
2152,amacunda,buttermilk
2177,amadahano,ointment
2192,amadarubindi,glasses
2367,amaganya,anxiety
2369,amagara,health
2461,amagorwa,difficulties
2495,amahaho,"food supplies"
2507,amahane,dispute
2543,amahenehene,"goat milk"
2564,amahindu,"hail stones"
2585,amahoro,peace
2594,amahugu,swindle
2597,amahugurwa,training
2612,amahurunguru,"goat manure"
2713,amajune,"deep sorrow"
2720,amajyambere,progress
2724,amajyaruguru,north
2725,amajyepfo,south
4684,amajyo,directions
2734,amakakama,sap
2789,amakemwa,fault
2793,amakenga,suspicions
2807,amakimbirane,argument
5223,amakode,"code (computing)"
4321,amakoma,"banana leaves"
2893,amakuba,misfortune
2916,amakuru,news
2939,amalineti,glasses
2979,amamesa,"palm oil"
5350,amanyakuri,honesty
3136,amanywa,daytime
3208,amapfizi,oxen
5190,amapingu,handcuffs
3260,amara,intestines
3288,amarashi,perfume
3291,amaraso,blood
3305,amarenga,"sign language"
3334,amarira,tears
5306,amarwa,"sorghum beer"
3406,amasaka,sorghum
3442,amase,dung
4972,amasekuruza,genealogy
3497,amashereka,"breast milk"
3557,amashyanyari,electricity
3569,amashyira,pus
5342,amasohoro,sperm
3659,amata,milk
5127,amatamatama,"sheep milk"
3706,amataratara,glasses
3738,amateka,history
3802,amatsiko,curiosity
3853,amatwara,attitude
3930,amavuta,oil
5643,amayirabiri,junction
3971,amazi,water
3982,amazimwe,gossip
3985,amazinda,forgetfulness
1904,ambasade,embassy
1905,ambasaderi,ambassador
1908,ambiranse,ambulance
1910,amburiyaje,gear
2280,ameza,table
3157,amoshya,temptations
3158,amosozi,tears
1916,ampule,bulb
1930,anegise,annex
1933,anjine,angina
1935,anketi,inquest
1937,anteni,antenna
1938,antereneri,coach
1947,apeti,appetite
1948,apuleti,applet
1958,arubitire,arbitrator
1959,asanseri,elevator
1962,aside,acid
1963,asima,asthma
1964,asosiyasiyo,association
1965,asuranse,insurance
1966,atashe,clip
1971,avoka,avocado
1980,bafure,amplifier
2001,barafu,ice
2004,baraje,dam
4432,bariyeri,roadblock
2042,Bibiliya,Bible
2055,bishopu,bishop
2063,bombo,sweet
2070,boroshete,kebab
2160,bucura,lastborn
2088,burigade,brigade
2090,buruse,bursary
2104,byeri,beer
2125,casket,helmet
1912,cyami,royalty
2201,dayimoni,demon
4457,dekametero,decametre
2209,demokarasi,democracy
2214,depite,deputy
5097,diporome,diploma
2221,diregiteri,director
2225,disiki,disc
2226,divayi,wine
2227,diyabete,diabetes
2229,diyama,diamond
2230,diyosezi,"church diocese"
2248,dushe,bathroom
2257,ekara,screen
5281,ekwateri,equator
2267,epatite,hepatitis
2276,epinari,spinach
2277,esanse,petrol
2278,etaje,stage
2305,filozofe,philosophy
2306,firigo,fridge
2304,firimi,film
2309,fondasiyo,foundation
2310,forode,fraud
2340,gahunda,appointment
4829,gakondo,tradition
4746,gapfura,angina
2378,garanti,guarantee
2382,gariyamoshi,train
2386,Gashyantare,February
2385,gasutamo,customs
2391,gatigisimu,catechism
5314,gerenade,grenade
2409,gereza,jail
2418,Gicurasi,May
2500,gihamya,proof
3708,gitare,guitar
3392,gusaba,"dowry ceremony"
2478,guverineri,governor
2479,guverinoma,government
4458,hegitometero,hectometre
2588,hoteri,hotel
1974,ibaba,wing
4326,ibabi,leaf
1982,ibagiro,"butcher shop"
1987,ibakure,bowl
4659,ibambe,pity
1992,ibande,"adhesive tape"
1995,ibanga,secret
1996,ibanki,"bank (financial)"
4658,ibanze,beginning
2000,ibara,colour
2006,ibaraza,porch
2011,ibarura,census
5125,ibaruwa,letter
2016,ibatiri,battery
4593,ibendera,flag
2032,ibere,breast
2036,ibesani,basin
2040,ibiba,"planting season"
2029,ibibembe,leprosy
2161,ibicurane,flu
2539,ibihendo,deceitfulness
5131,ibinezaneza,happiness
5302,ibinga,"oversized jaw"
2034,ibireti,pyrethrum
3023,ibirika,"large kettle"
5452,ibirimo,summary
3342,ibiro,offices
3388,ibiryo,food
2056,ibisi,bus
3715,ibitaro,hospital
3846,ibitutire,bribe
2062,ibombe,bomb
4764,ibondo,potbelly
2081,ibumba,clay
5416,ibunda,parcel
2089,iburira,alert
2093,ibuye,stone
5609,ibwami,"royal court"
5364,ibwiriza,instruction
2674,ibyishimo,joy
3151,ibyondo,mud
2122,icapiro,"printing house"
2127,icenga,trick
2144,icukiro,"manure heap"
2149,icumbi,dormitory
2150,icumu,spear
2153,icunga,"orange (fruit)"
2159,icupa,bottle
4503,icuraburindi,"great darkness"
1883,icyacumi,tenth
1893,icyago,misfortune
1896,icyaha,sin
4733,icyahi,"old clothes"
1898,icyahinduwe,change
1909,icyambu,"port (for boats)"
1919,icyana,"young of animal"
1927,icyanditse,scripture
4336,icyanzu,"secret passage"
1953,icyari,nest
1956,icyaro,countryside
4634,icyaruzi,"bird of prey"
5329,icyatangajwe,announcement
1968,icyatsi,grass
1972,icyayi,tea
2271,icyerekezo,direction
2622,icyibutsa,reminder
2626,icyicaro,seat
2631,icyifuzo,wish
2642,icyigisho,lesson
2669,icyiringiro,belief
4922,icyiru,reparation
4364,icyishyurwa,expense
4934,icyitso,accomplice
4621,icyiyoni,raven
4868,icyizere,hope
5331,icyobo,mushroom
4418,icyogajuru,spaceship
4976,icyogere,fame
4915,icyohe,troublemaker
3149,icyombo,"port for boats"
3150,icyombo,"CB radio"
4997,icyondi,"L'Hoest's monkey"
5078,icyondo,mud
3155,icyorezo,epidemic
4905,icyotsi,"hot thing"
3865,icyubahiro,honour
5100,icyugu,"type of lizard"
4734,icyuho,gap
3875,icyuma,knife
3876,icyumba,room
3880,icyumweru,week
3881,icyunamo,"time of mourning"
3883,icyungo,conjunction
3887,icyuya,sweat
3888,icyuzi,pool
2189,idarapo,flag
2191,idari,"paving stone"
2202,idebe,"big empty tin"
2203,idefile,parade
2212,idendo,turkey
2219,idini,religion
2224,idirishya,window
2240,idosiye,file
2241,idovize,"foreign currency"
2244,iduka,"small shop"
2249,iduwane,customs
2250,iduzeni,dozen
2285,ifagitire,bill
2287,ifaranga,franc
2292,ifarini,"wheat flour"
2291,ifarumasi,pharmacy
2296,ifashayobora,help
2302,ifeza,silver
2307,ifiriti,"potato chip"
2308,ifizibule,fuse
2311,iforomaji,cheese
2313,ifoto,photograph
5231,ifuku,mole
2322,ifunguro,meal
2329,ifuro,froth
2330,ifuru,oven
2332,ifuti,mistake
2341,igaju,"light brown"
2376,igarama,gram
2379,igare,bicycle
2393,igazeti,gazette
5725,igenzura,investigation
2126,igice,half
2130,igiceri,coin
2135,igiciro,cost
2138,igico,ambush
2140,igicu,cloud
2141,igicuba,"milk can"
2143,igicucu,shadow
2142,igicucu,fool
2145,igicuku,midnight
2151,igicumuro,crime
2164,igicuri,epilepsy
4792,igicuro,"muscle twitch"
2167,igicuruzwa,goods
4496,igifashi,"vice; vise"
2318,Igifulama,"Flemish language"
4947,igifwera,slug
2493,igihaha,lung
2499,igihamuke,coward
2508,igihanga,skull
2513,igihangange,giant
2517,igihano,punishment
2523,igiharwe,odd
2527,igihe,time
2532,igiheko,charm
2535,igihembo,salary
2536,igihembwe,"school term"
4730,igiheri,bedbug
2551,igiheri,pimple
2559,igihimba,body
5213,Igihinde,"Hindi (language)"
5001,igihinyage,"Hamlyn's monkey"
2575,igihogo,"dark brown"
5209,Igiholandi,"Dutch (language)"
2579,igihombo,loss
2591,igihu,"egg shell"
2590,igihu,fog
2595,igihugu,country
4739,igihuha,rumour
2601,igihumbi,"thousand (1"
4415,igihumbi,"rhomboid muscle"
5330,igihumyo,mushroom
2604,igihuna,"type of banana"
2608,igihunyira,"nocturnal animal"
5362,igihurira,silt
2611,igihuru,"thick bush"
2727,igika,paragraph
2750,igikangisho,threat
2754,igikanka,skeleton
2756,igikanu,"back of neck"
2772,igikarito,box
2798,igikeri,toad
2809,igikingi,"door post"
2813,igikinisho,toy
2832,igikohwa,claw
2834,igikoko,"wild animal"
2840,igikomangoma,prince
2841,igikombe,cup
5101,igikombe,gully
2843,igikomere,injury
5351,igikomo,bracelet
5431,igikona,raven
2853,igikoni,kitchen
2871,igikorerwa,passive
2875,igikoresho,tool
2882,igikoroto,change
2883,igikorwa,action
2903,igikumwe,thumb
2913,igikuri,dwarf
2919,igikurudumu,hoop
2920,igikururanda,reptile
2922,igikuta,wall
2931,igikwerere,"middle aged man"
2936,igikwiriye,worth
5646,igini,genie
3178,igipangu,"wall of compound"
3207,igipfamatwi,"deaf person"
3218,igipfunsi,fist
3224,igipimo,measurement
3326,igirimi,flame
3399,igisabwa,condition
4971,igisakuzo,riddle
3418,igisambo,glutton
3420,igisambu,bush
3428,igisanzwe,"normal thing"
3444,igisebe,sore
4330,igisekuru,genealogy
3461,igisenge,roof
3472,igiseseka,ordinariness
3488,igishanga,marsh
3494,igisheke,sugarcane
3513,igishirira,"burning coal"
3516,igishishi,"large ant"
3519,igishishwa,peel
5227,igishomeri,wanderer
5032,igishoro,capital
3526,igishorobwa,caterpillar
3531,igishuko,bribe
3542,igishushanyo,picture
4620,igishwi,sparrow
3565,igishyimbo,bean
3571,igishyiramo,charger
3572,igishyitsi,"base of tree"
4495,igisibo,lent
3583,igisiga,"large bird"
4670,igisigisigi,left-overs
3584,igisigo,poem
3588,igisimba,"wild animal"
4752,igisindu,"termite mound"
5749,igisirikare,military
3607,igisobanuro,explanation
3612,igisoga,fowl
3619,igisokozo,comb
3633,igisozi,mountain
5176,igisukika,liquid
3665,igitabo,book
3670,igitaka,"piece of earth"
3678,igitambaro,cloth
3680,igitambo,offering
3685,igitanda,bed
3689,igitangaza,miracle
3699,igitansi,receipt
5278,igitaramo,event
3707,igitare,anklet
3709,igitare,white
3712,igitari,hectare
3731,igitego,goal
3742,igitekerezo,idea
5166,igitemba,liquid
4628,igitera,"olive baboon"
4363,igiteranyo,total
3756,igitereko,"lamp stand"
3759,igitero,"gang attack"
3762,igiteteyi,dress
3765,igiti,tree
4501,igitiyo,spade
4323,igitogotogo,"wooden bike"
3780,igitoke,"banana stalk"
3782,igitoki,plantain
3786,igitondo,morning
3790,igitonyanga,"drop of water"
5686,igitovu,"mountain thistle"
4948,igitsike,eyebrow
3804,igitsina,gender
3805,igitsinagabo,"male gender"
3806,igitsinagore,"female gender"
3811,igitsinsino,heel
3812,igituba,vagina
3816,igituma,cause
3831,igitunguru,onion
3835,igiturage,"rural area"
3840,igituro,tomb
3845,igituti,pulpit
3847,igitutsi,slanderer
3850,igituza,"chest of body"
4438,igitwenge,laughter
2457,igorofa,storey
2466,igufwa,bone
2471,igunira,sack
2473,iguriro,"market place"
2494,ihahamuka,trauma
2496,ihambwa,"burial ceremony"
2497,ihame,fact
2501,ihamya,authentication
2533,ihembe,horn
2542,ihene,goat
5353,iherena,"ear ring"
2549,iherezo,end
2570,ihirwe,luck
2573,ihitamo,setting
4450,ihomvu,delirium
2583,ihoni,horn
2589,ihoza,rent
2596,ihuguriro,workshop
2598,ihuku,cat
4924,ihumure,quiet
2605,ihundo,"ear of grain"
2610,ihuriro,"meeting place"
4381,ihurizo,riddle
2691,ijage,jug
2693,ijambo,word
2695,ijambobanga,password
2696,ijana,"hundred (100)"
4744,ijanja,paw
2699,ijeri,"cricket (insect)"
2700,ijerikani,"jerry can"
5373,ijigo,"jaw bone"
2706,ijipo,skirt
2707,ijisho,eye
2709,ijoro,night
2710,ijosi,"front of neck"
2717,ijuru,heaven
2730,ikabutura,shorts
2736,ikamba,crown
2743,ikamiyo,lorry
2757,ikanya,fork
2758,ikanzu,dress
2759,ikara,charcoal
4952,ikaragiro,dairy
2763,ikaramu,pen
4372,ikarine,notebook
2768,ikariso,underwear
2769,ikarita,card
2770,ikaritiye,quarter
2771,ikarito,"cardboard box"
5645,ikaro,"ceramic tile"
2773,ikaroseri,bodywork
2774,ikaroti,carrot
2779,ikawa,coffee
2780,ikaye,notebook
5129,ikaze,welcome
2782,ikaziye,"bottle rack"
2788,ikeki,cake
2797,ikereta,sourness
1973,ikiba,"existing thing"
1979,ikibabi,leaf
1984,ikibaho,blackboard
1989,ikibambasi,wall
1993,ikibando,baton
4911,ikibanza,"building site"
2022,ikibaye,happening
2023,ikibazo,question
2035,ikibero,thigh
2041,ikibibi,birthmark
2047,ikibindi,"clay water pot"
2050,ikibiribiri,cuckoo
2052,ikibiriti,"box of matches"
4665,ikibondo,baby
2075,ikibuga,courtyard
2086,ikibuno,bottom
2094,ikibuye,"large rock"
2097,ikibwana,puppy
2107,ikibyimba,abscess
4685,ikidendezi,pond
2245,ikidukikije,environment
2338,ikigage,"sorghum beer"
2363,ikiganiro,conversation
2368,ikiganza,hand
2373,ikigaragazwa,"visible thing"
2388,ikigata,wheel
2394,ikigega,store
5315,ikigendajuru,spacecraft
2406,ikigeragezo,temptation
5219,Ikigereki,"Greek (language)"
2410,ikigero,age
2420,ikigina,grey
2425,ikigirwamana,idol
2430,ikigo,buildings
4777,ikigobe,gulf
5420,ikigombero,condition
2449,ikigoramye,bend
2453,ikigori,corn
4318,ikigoryi,moron
2472,ikiguri,"swarm of insects"
2481,ikiguzi,cost
4771,ikigwari,"powerless person"
2488,ikigwi,achievement
2540,ikihendutse,"cheap thing"
2546,ikihenze,"expensive thing"
4936,ikijigo,pipe
4542,ikijigo,molar
2712,ikijumba,"sweet potato"
2943,ikilo,kilo
2944,ikilometero,kilometre
2962,ikimasa,"calf (male)"
2975,ikimenyetso,sign
2990,ikimonyo,ant
2998,ikimuga,invalid
2999,ikimurangaza,distraction
4745,ikimyira,mucus
3007,ikinamico,theatre
4540,ikinege,"only child"
5747,ikingira,vaccination
4528,ikinimfu,"amputated limb"
4463,ikinogori,"eye socket"
3030,ikinono,hoof
3036,ikintu,thing
3042,ikinya,"thing of"
3045,ikinyabiziga,vehicle
3046,ikinyabumwe,"one of something"
3049,ikinyabuzima,"living thing"
3051,ikinyacumi,decade
3056,Ikinyakoreya,"Korean language"
3064,ikinyamakuru,newspaper
3067,ikinyamateka,newspaper
4903,ikinyampeke,cereal
3079,ikinyandaro,"unwed mother"
3090,Ikinyarwanda,Kinyarwanda
3092,ikinyazina,pronoun
3093,ikinyejana,century
3113,ikinyobwa,"lima bean"
3117,ikinyogote,porcupine
3122,ikinyoma,lie
4990,ikinyomoro,tamarillo
4491,ikinyunguti,pinch
2817,ikipe,team
3267,ikiragi,"mute person"
3269,ikirahure,glass
3277,ikiranga,attribute
3281,ikirangirire,"famous person"
5480,ikirango,seal
3287,ikiraro,bridge
5205,Ikiratini,"Latin (language)"
3292,ikirato,shoe
3295,ikirayi,"Irish potato"
3298,ikirego,accusation
3299,ikirema,cripple
3302,ikiremu,patch
3303,ikiremwa,"created thing"
3308,ikirenge,foot
3314,ikirere,sky
3321,ikiribwa,food
3331,ikiringiti,blanket
2824,ikiriro,"things that save"
3350,ikirondwe,tick
3361,ikirorero,town
3362,ikirori,party
3368,ikiruhuko,rest
3372,Ikirundi,Kirundi
3375,ikirundo,heap
3376,ikirunga,volcano
5301,ikirutsi,vomit
3379,ikirwa,island
4632,ikiryambeba,"grass snake"
3827,ikitunganye,"correct thing"
3909,ikivuguto,"fermented milk"
3910,ikivugwaho,subject
3916,ikivume,outcast
5083,ikivumvuri,Cockchafer
3920,ikivunge,crowd
3936,ikiyaga,lake
4499,ikiyega,"moving body"
3946,ikiyiko,spoon
4906,ikiza,epidemic
3964,ikizamini,examination
3968,ikizenga,pool
3973,ikizibaho,dress
3974,ikiziga,wheel
3986,ikizinga,spot
5211,Ikizulu,"Zulu (language)"
2831,ikobyi,jeans
2856,ikonji,holiday
2865,ikoraniro,gathering
2868,ikorasi,chorus
2872,ikoresha,use
2877,ikoro,tax
2884,ikosa,mistake
2885,ikositimu,costume
2888,ikoti,coat
2941,ilitiro,litre
1900,imakasi,scissors
2954,Imana,God
2958,imari,treasury
2964,imashini,machine
1978,imbabazi,forgiveness
1981,imbaga,crowd
4319,imbago,border
5639,imbamutima,emotion
2002,imbaraga,strength
2003,imbaragasa,flea
4890,imbarutso,cause
2013,imbata,slave
2014,imbata,duck
2024,imbeba,mouse
2025,imbegeti,bucket
2027,imbeho,coldness
2057,imboga,vegetable
2058,imbogo,buffalo
2059,imbohe,captive
2060,imbohore,"free person"
2067,imboni,"pupil of eye"
2069,imboro,penis
2078,imbuganyuma,background
2084,imbunda,gun
2091,imbusane,mismatch
2092,imbuto,seed
4459,imbuzi,alert
2095,imbwa,dog
2096,imbwakazi,"female dog"
2111,imbyiro,"dirt on body"
2971,imena,principal
2295,imfashanyo,aid
2297,imfatamajwi,"audio recorder"
3213,imfubyi,orphan
2324,imfungwa,prisoner
2328,imfura,firstborn
2033,imibereho,conduct
2401,imigenzereze,habits
2424,imigirire,"manner of doing"
2932,imikwerere,"middle age"
2978,imimerere,characteristics
3335,imirire,"edible things"
5617,imirwano,fighting
5286,imisumbi,"hip joint"
3691,imitangire,"time of offering"
3727,imitegekere,administration
4799,imitunu,"wide open eyes"
3838,imiturire,community
4597,imiyoborere,"way of governing"
2988,imodokari,car
5194,imoko,"human nipple"
4617,imondo,"serval wild cat"
4521,imoso,"left arm"
2992,imoteri,motor
3165,impagarara,anguish
3169,impaka,argument
4933,impakanyi,negative
3172,impamba,provisions
3173,impamo,reality
3174,impamvu,reason
4497,impanda,trumpet
3176,impanga,twin
3179,impano,gift
3183,impanuka,accident
4983,impanuro,advice
4638,impara,impala
4637,imparage,zebra
4702,impatwe,constipation
3199,impera,end
3200,imperekeza,groomsman
3209,impfizi,bull
3225,impinduka,change
5599,impindura,pancreas
3226,impine,abbreviation
3227,impinga,top
5060,impiri,"wooden club"
4631,impiri,viper
5077,impiswi,diarrhoea
3233,impitagihe,"past tense"
3238,impongano,atonement
3246,impuguke,"skilled person"
3247,impuha,rumours
3248,impuhwe,pity
3249,impumyi,"blind person"
3251,impundu,chimpanzee
3250,impundu,acclamation
3252,impungenge,anxiety
3253,impunzi,refugee
3256,impuzanyito,synonym
5632,impuzashusho,homonym
3257,impwerume,"male dog"
3258,impyiko,kidney
3259,impyisi,hyena
4500,imvange,mixture
3903,imvubu,hippopotamus
3907,imvugo,speech
5635,imvugwarimwe,homophone
3913,imvumba,sack
4376,imvune,injury
3926,imvura,rain
3929,imvururu,riot
4989,imvuvu,dandruff
1924,imyandikire,spelling
5720,imyidagaduro,entertainment
2629,imyifatire,behaviour
2630,imyifato,behaviour
2639,imyigire,"manner of study"
2688,imyizerere,beliefs
5095,imyororokere,reproduction
3866,imyubakire,architecture
3006,inama,meeting
1922,inanasi,pineapple
3014,inazi,coconut
2114,incabiti,axe
4613,incakura,sharp
4429,incamake,summary
2128,incengezi,malware
2156,incungu,ransom
2175,indagihe,"present tense"
2178,indahemuka,"faithful person"
2181,indakemwa,perfection
2185,indangahantu,preposition
2200,indaya,prostitute
2204,indege,airplane
2208,indembe,"dying person"
4954,indeshyo,height
2218,indimu,lemon
2222,indiri,den
2223,indirimbo,song
2231,indobo,bucket
2236,indogobe,donkey
5745,indomo,"noun augment"
5764,indondogozi,chatterbox
2239,indorerwamo,mirror
4955,indoro,eyes
2247,induru,"cry of alarm"
2251,indwara,sickness
2253,indyankwi,axe
2254,indyarya,hypocrite
4344,indyo,"right arm"
4417,indyo,regimen
4577,inema,talent
2264,inenge,imperfection
4334,ingabire,talent
4770,ingabo,shield
2335,ingabo,army
2339,ingagi,gorilla
5409,ingamba,policy
2343,ingamba,plan
2345,ingamiya,camel
2359,ingando,camp
5608,inganji,victory
2364,ingano,wheat
2365,ingano,size
2377,ingarane,"compost pit"
2383,ingaruka,consequence
2387,ingashyi,oar
4984,ingegera,vagrant
4956,ingendo,gait
2398,ingengabihe,schedule
2402,ingenzi,"important thing"
4641,ingeragere,gazelle
2413,ingese,rust
2414,ingeso,characteristic
2422,ingingo,segment
5229,ingirangingo,cell
2426,ingisha,charm
2434,ingoboka,"unexpected aid"
2435,ingobyi,hammock
2436,ingofero,hat
2437,ingoga,speed
4946,ingohe,"eye lashes"
2439,ingoma,drum
2440,ingombajwi,consonant
2442,ingombwa,"essential thing"
2446,ingona,crocodile
2450,ingorane,difficulties
5742,ingoro,palace
4322,ingorofani,wheelbarrow
2458,ingororano,reward
4804,ingoto,"Adam's apple"
2463,ingoyi,bonds
2465,ingufu,strength
2467,inguge,primate
4929,ingumba,"sterile thing"
2469,ingumi,punch
2470,ingunguru,barrel
4835,inguni,angle
2476,ingurube,pig
4894,ingutu,toughness
2480,inguzanyo,loan
2483,ingwa,chalk
2487,ingwe,leopard
3022,iniforume,uniform
2637,inigi,bead
4900,injajwa,gossip
2701,injiji,"ignorant person"
2722,injyana,tempo
4671,injyanamuntu,extraordinary
2737,inkambi,camp
4625,inkanga,guineafowl
4998,inkangu,mudslide
2787,inkeke,"urgent need"
2790,inkende,"grivet monkey"
2799,inkeri,berries
2802,inkezero,saw
4419,inkike,wall
4328,inkiko,frontiers
2806,inkima,"blue monkey"
2810,inkingi,pole
2816,inkinyoma,falsehood
2829,inkobe,"forest animal"
2835,inkoko,chicken
2836,inkoko,"flat basket"
2837,inkokora,elbow
2842,inkombe,"bank of river"
2846,inkomoko,origin
4485,inkomyi,obstacle
2850,inkongoro,"milk pot"
2851,inkongoro,vulture
2854,inkoni,stick
2857,inkono,"clay cooking pot"
4672,inkoramutima,"close friend"
2866,inkoranya,dictionary
4379,inkoro,collarbone
2880,inkorora,cough
2886,inkota,sword
2887,inkotanyi,activist
2889,inkovu,scar
2894,inkuba,thunder
4686,inkubiri,atmosphere
5042,inkuge,ark
2898,inkuka,beach
2907,inkunga,support
5043,inkura,rhinoceros
2917,inkuru,story
5007,inkwakuzi,"lively person"
2924,inkwano,dowry
2925,inkware,"partridge (bird)"
5017,inkwenene,mockery
3110,innyo,anus
3029,inomero,number
5303,inoni,"finger snap"
3031,inota,score
4993,inote,bill
4629,insana,"mamba (snake)"
4436,inseko,smile
3503,inshimusi,"cattle thief"
3504,inshinga,verb
3506,inshingano,responsibility
4630,inshira,"spitting cobra"
3534,inshunda,fringe
3536,inshungu,ransom
3541,inshuro,time
3546,inshuti,friend
3562,inshyi,slaps
3566,inshyimbo,"walking stick"
4331,insina,"banana tree"
3593,insinga,wires
3654,inswa,"flying termite"
5386,inswaswa,"winged termite"
3661,intabera,"just person"
4895,intaho,home
3676,intama,sheep
3677,intambara,battle
3681,intambwe,step
3684,intananya,"cord of tongue"
4889,intandaro,cause
5096,intanga,semen
3693,intangiriro,beginning
3696,intango,"large water pot"
4607,intantu,"hip joint"
3710,intare,lion
4626,intashya,swallow
3716,intashyo,greeting
4536,intati,betrayer
3720,intaza,"rock in water"
3722,intebe,chair
3726,intege,strength
3732,intego,purpose
3735,integuro,ornament
3744,inteko,group
4515,intera,distance
3755,intere,unconsciousness
2661,interineti,internet
3760,interuro,sentence
4806,intimba,"deep sorrow"
3779,intoboro,"hole in object"
3787,intonga,"large basket"
3794,intorezo,axe
4359,intsinzi,victory
5138,intumbero,vision
3820,intumbi,corpse
3823,intumwa,Apostle
3841,inturo,"dwelling place"
3842,inturo,"wild cat"
3844,intusi,"eucalyptus tree"
3857,intwari,hero
3859,intwaro,weapon
5692,intwererano,contribution
3040,inuma,dove
3053,inyajwi,vowel
3058,inyama,meat
3065,inyamaswa,"wild animal"
3080,inyandiko,article
3083,inyange,"cattle egret"
3084,inyangingo,phrase
3085,inyanja,sea
4985,inyemera,"Topi antelope"
3095,inyenyeri,star
3096,inyenzi,cockroach
5309,inyeshyamba,rebel
3101,inyigisho,teaching
5171,inyinya,diastema
3124,inyongera,accessory
3125,inyoni,bird
3127,inyota,thirst
3128,inyubako,building
3131,inyumba,"large house"
3132,inyumbati,cassava
3133,inyundo,hammer
3134,inyungu,profit
1887,inzaduka,"new thing"
3962,inzagihe,"future tense"
1950,inzara,hunger
2273,inzerirezi,wanderer
2650,inzika,bitterness
3981,inzimuzi,gossip
2663,inzira,path
5727,inzobere,expert
3144,inzoga,beer
3145,inzogera,bell
3147,inzoka,snake
3992,inzovu,elephant
3162,inzozi,dream
5384,inzungu,inheritance
3168,ipaje,page
3171,ipamba,cotton
3180,ipantaro,trousers
3181,ipantufure,slipper
3182,ipanu,"frying pan"
3184,ipapayi,"papaya fruit"
3190,ipasi,"iron for clothes"
3194,ipata,hinge
3195,ipatante,licence
5601,ipera,"guava (fruit)"
3217,ipfundo,knot
4535,ipfunwe,shame
3221,ipiki,pickaxe
3222,ipikipiki,motorcycle
3232,ipiripiri,"chilli pepper"
5267,ipompo,pump
5188,iposita,"post office"
3280,irangi,paint
3285,irari,lust
3300,irembo,gate
4668,ireme,weight
3319,iriba,"well (water)"
3320,iribori,"stretch mark"
4756,iriburiro,foreword
2560,irihimbano,alias
3365,iroza,rose
4749,irugu,nape
4801,irungu,loneliness
2662,iryinyo,tooth
3394,isabato,Sabbath
3397,isabukuru,birthday
3398,isabune,soap
3400,isafuriya,saucepan
3402,isaha,hour
3404,isahani,dish
3405,isaho,bag
4595,isakaramentu,sacrament
3407,isake,rooster
3414,isambaza,"very small fish"
3417,isambo,"building plot"
3419,isambu,field
4635,isandi,"weaver (bird)"
3421,isandugu,box
3422,isanduku,box
5657,isangano,crossroads
3425,isano,resemblance
3432,isaro,bead
5381,isarura,"harvest time"
3433,isasa,"floor tile"
3434,isaso,"grass mattress"
4636,isatura,warthog
5387,isayo,"muddy hole"
3440,isazi,"fly (insect)"
3453,isekurume,"male goat"
3456,isena,shape
3459,isenga,cave
3464,isengesho,prayer
3468,isepfu,hiccups
4342,isereri,dizziness
3470,iseri,"bunch of bananas"
4747,iseru,measles
3473,iseseme,nausea
3474,isesengura,analysis
3476,isezerano,promise
3481,ishaka,"Kaffir corn"
5588,ishakiro,reference
3486,ishami,branch
3489,ishati,shirt
3490,ishavu,sadness
3491,ishaza,pea
3495,ishema,pride
5433,ishimwe,thanks
4805,ishingo,neck
4424,ishingwa,establishment
3525,ishoka,axe
4614,ishozi,nausea
4434,ishuheri,breeze
3529,ishuheri,"storm of wind"
3530,ishuka,"bed sheet"
3538,ishuri,school
3543,ishusho,picture
4538,ishya,happiness
3551,ishyaka,zeal
3552,ishyaka,"political party"
3553,ishyamba,forest
3554,ishyanga,"foreign nation"
3556,ishyano,accident
3555,ishyano,"bad luck"
3558,ishyari,jealousy
3561,ishyengo,joke
3570,ishyirahamwe,association
3575,ishyo,"herd of cows"
4943,ishyushyu,eagerness
3585,isiha,mole
3591,isinagogi,synagogue
3602,isitimu,torch
3613,isogisi,sock
3617,isoko,market
3618,isoko,"spring of water"
4700,isokoreke,underwear
3621,isomo,lesson
4843,isonga,top
3623,isoni,shyness
5197,isosi,sauce
3637,isubiramo,revision
3639,isubyu,knot
3640,isuka,hoe
3641,isukari,sugar
3643,isuku,cleanliness
4648,isumo,waterfall
3647,isunika,pressure
3648,isupu,soup
3650,isuri,erosion
3660,itabaza,lamp
3663,itabi,tobacco
3666,itafari,brick
3668,itagisi,taxi
3673,itako,thigh
3675,itama,cheek
3687,itandukaniro,difference
3690,itangazo,announcement
3692,itangiriro,beginning
3698,itangwa,allocation
3700,itanura,furnace
3701,itapi,carpet
3702,itara,light
3714,itariki,date
5647,iteganyagihe,"weather forecast"
3728,itegeko,law
3734,itegura,"roof tile"
3739,iteka,always
3748,itembura,stamp
3749,iteme,"small log bridge"
5308,iterambere,progress
3753,iteraniro,meeting
5758,iterasi,terrace
5294,itike,ticket
3769,itiku,rumour
3784,itondagura,conjugation
4907,itongo,"abandoned place"
4812,itoni,tonne
3791,itora,vote
3795,itoroshi,torch
3797,itoto,youthfulness
4348,itsembabwoko,genocide
3807,itsinda,group
3817,itumanaho,communication
3825,itunda,"passion fruit"
3828,itungo,livestock
3839,ituro,offering
3851,ituze,calm
4467,ityazo,sharpener
3902,ivubi,wasp
3911,ivuka,birth
3912,ivuko,birthplace
5087,ivumbi,dust
3002,ivunja,jigger
3924,ivunura,translation
3927,ivuriro,hospital
3931,ivutu,intemperance
1508,iwabo,"their place"
1506,iwacu,"our place"
1503,iwanjye,"my place"
1507,iwanyu,"your place"
1504,iwawe,"your place"
2123,iyacapwe,printout
3015,iyandikagihe,timestamp
3941,iyatu,tone
4842,iyicarubozo,torture
2633,iyigana,simulation
3961,izaburi,psalm
3977,iziko,fireplace
3983,izina,name
3984,"izina bwite","proper noun"
3987,izingiro,navel
3989,izirikana,meditation
3995,izuba,sun
3996,izuka,resurrection
4000,izuru,nose
5574,jakaranda,"jacaranda (tree)"
2698,jenoside,genocide
2708,jokeri,joker
2732,kagoma,"Royal eagle"
2733,kajugujugu,helicopter
2739,Kamena,June
2740,kamera,camera
2741,kamere,nature
2742,kaminuza,university
2744,kanaka,so-and-so
2745,Kanama,August
5152,kanseri,cancer
2765,karavate,tie
2767,karindari,calendar
2775,kasho,jail
2776,katedarali,cathedral
2778,kavukire,native
2801,keremu,cream
5391,kibonumwe,"shooting star"
2183,kidakuka,"can't be changed"
2721,kijyambere,"modern thing"
4591,kiriziya,church
3347,kirogoya,interrupter
2849,komfitire,jam
2844,komiseri,commissioner
2845,komisiyo,commission
4366,komite,committee
2847,kompanyi,company
2859,konti,account
2860,koperative,cooperative
2863,korali,choir
5531,kudeta,"coup d'Ã©tat"
2940,lisiti,list
2948,Madamu,Madam
2346,maganabiri,"two hundred"
2347,maganacyenda,"nine hundred"
2348,magananani,"eight hundred"
2349,maganane,"four hundred"
2350,maganarindwi,"seven hundred"
2352,maganatanu,"five hundred"
2353,maganatatu,"three hundred"
5682,makaroni,pasta
2949,makoro,macro
2950,malariya,malaria
5484,manda,mandate
2955,marakuja,"passion fruit"
2957,marere,"ring finger"
2967,mayibobo,"street child"
2968,mayili,mile
2981,metero,metre
4456,milimetero,millimetre
2983,milisegonda,millisecond
2984,minisiteri,ministry
5242,miriyoni,"million (1"
3356,"mirongo ine",forty
2987,misiyo,mission
5313,mitarayeze,"machine gun"
5110,mizuzu,"fried plantains"
3166,mpagarike,portrait
2994,mucagaguzi,parser
2995,mucuranga,"audio player"
2996,mudasobwa,computer
2403,mugenzi,companion
5079,mugiga,meningitis
3502,mushiki,"sister of a male"
3645,musumbazose,"middle finger"
3001,Mutarama,January
2261,mwene,"son of"
5114,negatifu,negative
3025,njyesi,subscript
3028,Noheli,Christmas
3752,ntera,adjective
5091,nyababyeyi,uterus
3055,Nyakanga,July
5067,nyakubahwa,excellency
4965,nyamuca,"Nairobi fly"
3075,nyamweru,albino
3076,nyamwinshi,majority
3104,nyiri,"owner of"
3138,Nzeri,September
5187,orudinateri,computer
5169,pansiyo,pension
5323,parasetamoro,paracetamol
3187,parfum,perfume
3188,pariki,park
3189,paruwasi,parish
3191,Pasika,Easter
3192,pasiporo,passport
3197,penaliti,penalty
5570,perefegitura,prefecture
3201,perezida,president
4433,perezidansi,presidency
3205,petroli,paraffin
3198,peyizana,settlement
3237,politiki,politics
3242,porojegiteri,projector
3265,radiyo,radio
3284,raporo,report
5167,ratitude,latitude
5508,referendumu,referendum
3311,repubulika,republic
3316,resitora,restaurant
4347,revorisiyo,revolution
3345,robine,tap
5325,roketi,rocket
5168,ronjitide,longitude
1990,rubanda,crowd
3367,rugongo,clitoris
3371,runaka,so-and-so
4462,ruseke,tibia
3378,ruswa,corruption
3381,rwagakoco,"mouse trap"
5075,sakabaka,"Black Kite"
5575,sakirirego,sacrilege
4622,samusure,"crowned eagle"
4455,santimetero,centimetre
5115,seritifika,certificate
3471,serivisi,service
4389,serwakira,tornado
3487,shampiyona,championship
5592,shehe,sheik
3498,sheri,dear
3523,shobuja,master
3595,sinya,sign
3598,sisitemu,system
3636,sitade,stadium
5189,sitaje,course
5037,sitasiyo,station
3603,siyansi,science
5116,sositomati,"tomato sauce"
3630,sosiyete,society
5113,subusititi,substitute
5683,tangawizi,ginger
3743,tekinisiye,technician
3745,terefone,telephone
3758,tereriyo,"careless person"
3747,tereviziyo,television
5569,teritwari,territory
5117,tifoyide,typhoid
5282,toropike,tropic
5297,tungurusumu,garlic
3863,twiga,giraffe
5179,"u Buhinde","India (country)"
1975,ububabare,pain
2012,ububasha,ability
2046,ububiko,storage
2106,ububyibuhe,thickness
2146,ubucukuzi,mining
2165,ubucuruzi,business
4774,ubucuzi,metalwork
2215,ubudeshyi,laziness
2232,ubudodo,thread
2298,ubufatanye,partnership
2336,ubugabo,ability
4435,ubugambanyi,betrayal
2381,ubugari,width
2397,ubugenere,plan
4838,ubugenge,physics
5491,ubugenzuzi,investigation
5159,ubugimbi,"male puberty"
2423,ubugingo,soul
2443,ubugome,rebellion
2447,ubugondo,"mixture of white"
5158,ubugore,womanhood
2455,ubugoro,"chewing tobacco"
2459,ubugorozi,correction
5208,ubuguzi,shopping
2484,ubugwanabi,"bad behaviour"
2485,ubugwaneza,"good behaviour"
2490,ubuhagarike,height
4938,ubuhakanyi,denial
2502,ubuhamya,testimony
2510,ubuhanga,skill
4757,ubuhehere,humidity
2537,ubuhemu,dishonesty
2552,ubuheri,itch
2554,ubuheta,"second child"
2568,ubuhinzi,agriculture
2606,ubuhungiro,exile
4899,ubujajwa,gossiping
4382,ubujana,wrist
2702,ubujiji,ignorance
2704,ubujijuke,knowledge
2714,ubujura,theft
4712,ubujyakuzimu,depth
4986,ubujyanama,counselling
4714,ubujyejuru,height
4892,ubukana,severity
2783,ubukebe,property
2791,ubukene,poverty
3874,ubuki,honey
2821,ubukire,wealth
2823,ubukirigitwa,tickles
2838,ubukoloni,colonization
2855,ubukonje,coldness
5144,ubukorikori,"craft making"
2891,Ubukristo,Christianity
2908,ubukungu,riches
2928,ubukwe,wedding
2933,ubukwerere,"middle age"
5061,ubumara,venom
2972,ubumene,crack
2976,ubumenyi,knowledge
3004,ubumwe,unity
3009,ubunani,"new year"
3016,ubunebwe,laziness
3037,ubuntu,grace
3097,ubunyereri,slipperiness
3210,ubupfu,folly
3219,ubupfura,respect
4666,ubura,"biological child"
3270,uburakari,anger
3278,uburanga,"facial beauty"
3279,uburangazi,negligence
5765,uburaya,prostitution
3297,uburebure,height
3301,uburemere,weight
5081,uburere,education
5622,uburezi,education
3322,uburiganya,deceit
5134,uburinganire,equality
3332,uburingiti,cover
3336,uburiri,bed
3343,uburo,millet
3348,uburohame,shipwreck
3349,uburondogozi,"talking too much"
3352,uburongo,clay
3363,uburoso,brush
3366,uburozi,poison
3377,ubururu,blue
3386,uburyarya,hypocrisy
3389,uburyo,way
4932,ubusa,nakedness
3390,ubusa,zero
3393,ubusabane,fellowship
3412,ubusambanyi,adultery
3427,ubusanzure,generally
3438,ubusaza,"old age"
3482,ubushaka,desire
3484,ubushake,will
3517,ubushishi,"small food ants"
5410,ubushishozi,foresight
3520,ubushize,"last time"
3522,ubushobozi,power
5224,ubushomeri,unemployment
4939,ubushongore,haughtiness
3547,ubushuti,friendship
3560,ubushye,burn
3576,ubushyo,"herd of animals"
3578,ubushyuhe,heat
3601,ubusitani,garden
5040,ubusizi,poetry
3605,ubuso,surface
3624,ubusore,"youth (age)"
5119,ubusugire,sovereignty
3662,ubutabera,justice
4837,ubutabire,chemistry
3669,ubutaha,future
3671,ubutaka,ground
3679,ubutambike,width
3683,ubutamenya,ignorance
3713,ubutariganya,sincerity
4427,ubutasi,espionage
3719,ubutayu,desert
3721,ubute,laziness
3729,ubutegetsi,government
3740,ubutekane,stability
5636,ubutinde,"vowel length"
3774,ubutindi,destitution
4891,ubutita,"intense cold"
3777,ubutitsa,continually
3788,ubutoni,favour
3821,ubutumire,invitation
3824,ubutumwa,message
3833,ubutunzi,possessions
3843,ubuturo,dwelling
3855,ubutware,authority
3858,ubutwari,heroism
3894,ubuvandimwe,relationship
5723,ubuvugizi,advocacy
5019,ubuvumbuzi,discovery
4484,ubuvumo,cave
3922,ubuvunnyi,assistance
3932,ubuvuzi,healing
3938,Ubuyahudi,Judaism
5285,Ubuyisilamu,Islam
3951,ubuyobozi,sovereignty
3978,ubuzima,health
5729,ubuzobere,expertise
1894,ubwaguke,width
1906,ubwambere,"time before"
1913,ubwami,kingdom
1920,ubwana,childhood
5160,ubwangavu,"female puberty"
1939,ubwanwa,beard
1944,ubwanyuma,"time after"
1967,ubwato,boat
1969,ubwatsi,grass
5333,ubwenegihugu,citizenship
2265,ubwenge,wisdom
2621,ubwibone,pride
4350,ubwicanyi,killing
2636,ubwigenge,independence
5652,ubwiherero,privacy
2660,ubwinshi,quantity
2664,ubwira,haste
2666,ubwirakabiri,eclipse
2667,ubwirasi,boasting
2672,ubwiru,mystery
2675,ubwishingizi,insurance
4988,ubwitonzi,caution
5732,ubwiyoroshye,humility
2684,ubwiyubahe,dignity
5340,ubwiyunge,reconciliation
2685,ubwiza,beauty
3140,ubwoba,fear
3146,ubwohereza,sender
3148,ubwoko,sort
3154,ubwonko,brain
3156,ubworozi,"animal husbandry"
3160,ubwoya,fur
5118,ubwubatsi,construction
3869,ubwugamo,shelter
3890,ubwuzu,"great joy"
4473,udukubo,parenthesis
3608,udusobanuro,annotation
4819,udusodeko,"square brackets"
2154,ugucunga,administration
4979,ugucura,forging
2819,ugukiranuka,righteousness
5432,ugushima,thanks
3568,Ugushyingo,November
3686,ugutandukana,divorce
3862,ugutwi,ear
2061,ukuboko,arm
5003,ukuboneka,availability
2072,Ukuboza,December
2412,ukugerwaho,accessibility
2475,ukuguru,leg
3038,ukuntu,how
3318,ukuri,truth
3325,ukurimbuka,perdition
3822,ukutumvira,disobedience
5648,ukuzimu,underworld
3997,ukuzuka,resurrection
1897,ukwaha,armpit
1901,Ukwakira,October
2281,ukwezi,month
2283,ukwezwa,sanctification
5695,ukwibohora,liberation
2644,ukwihana,repentance
2652,ukwikora,automation
2686,ukwizera,belief
3864,ukwubaha,respecting
3879,ukwumvira,obeying
1977,umubabaro,grief
1986,umubaji,carpenter
1997,umubano,co-operation
2007,umubare,number
2017,umubatiza,baptist
2018,umubatizo,baptism
2030,umubembe,leper
2037,umubeshyi,liar
2039,umubi,"bad person"
2043,umubibyi,sower
2045,umubikira,nun
2049,umubiri,body
2051,Umubirigi,"Belgian person"
4710,umubirikira,funnel
2053,umubirizi,"small shrub"
5490,umubitsi,treasurer
5393,umubonano,meeting
2068,umubonobono,"deciduous tree"
2074,umubu,mosquito
2082,umubumbe,planet
2098,umubwiriza,preacher
2103,umubyaza,midwife
2105,umubyeyi,parent
2108,umubyimba,size
2110,umubyinnyi,dancer
2113,umubyizi,"day of working"
2116,umucamanza,judge
2120,umucanga,sand
2121,umucanshuro,"hired person"
2129,umucengezi,insurgent
2131,umuceri,rice
2132,umucikacumu,survivor
2139,umuco,culture
2147,umucukuzi,miner
2155,umucungamari,accountant
2157,umucunguzi,redeemer
2162,umucuranzi,musician
2166,umucuruzi,businessman
2169,umucuzi,blacksmith
2170,umucyo,light
2174,Umudage,"German person"
2176,umudahambana,"uncaring person"
2180,umudaho,ladle
2190,umudari,medal
2211,umudendezo,freedom
2216,umudigi,"swollen belly"
2228,umudiyakoni,deacon
2235,umudogiteri,doctor
5082,umudozi,tailor
2242,umudugararo,riot
2284,umufa,"stock soup"
2286,umufana,fan
2289,Umufaransa,"French person"
2293,Umufarisayo,Pharisee
2294,umufasha,helper
5358,umufatankoni,cowherd
5366,umufilozofe,philosopher
5232,umufiyanse,fiance
2312,umuforomo,nurse
2317,umufuka,bag
5708,umufumba,"Cape Ash"
2319,umufundi,mason
2326,umufunzo,wound
2333,umugabane,division
2337,umugabo,man
4773,umugambanyi,traitor
2344,umugambi,plan
2354,umuganda,"communal work"
2358,Umugande,"Ugandan person"
2361,umuganga,doctor
2362,umugani,proverb
2366,umugano,bamboo
2372,umugaragaro,visibility
2375,umugaragu,"male servant"
4377,umugarura,vein
4357,umugatolika,"Catholic person"
2392,umugayo,blame
5668,umugemo,syllable
2404,umugenzi,traveller
2405,umugenzo,ceremony
5133,umugenzuzi,auditor
2407,umugereka,supplement
2408,umugereka,adverb
5218,Umugereki,"Greek person"
2415,umugezi,river
2417,umugi,"insect egg"
2421,umugina,"termite mound"
5132,umugiraneza,benefactor
2427,umugisha,blessing
5715,umugo,"White thorn "
2438,umugogo,log
4601,umugoma,"labia majora"
2444,umugome,"cruel person"
4442,umugondoro,hypocotyl
2448,umugongo,"back (of body)"
2451,umugore,woman
2456,umugoroba,afternoon
2460,umugorozi,corrector
2464,umugozi,rope
2474,umugurisha,seller
2482,umuguzi,buyer
2486,umugwaneza,"kind person"
2491,umuhago,bag
2503,umuhamya,witness
2504,umuhana,neighbourhood
2505,umuhanda,road
2511,umuhanga,"skilled person"
2514,umuhango,ceremony
2516,umuhannyi,corrector
2518,umuhanuzi,prophet
2519,umuhanzi,musician
2521,umuhari,fox
2522,umuharuro,yard
2524,umuhate,zeal
2525,umuhati,"type of tree"
2528,Umuheburayi,"Hebrew person"
2529,umuheha,pipe
5120,umuhehesi,"lustful person"
2538,umuhemu,"dishonest person"
2544,umuhengeri,squall
2548,umuherekeza,escort
2553,umuherwe,tycoon
4544,umuhezanguni,extremist
2556,umuhezo,privacy
2557,umuhigi,hunter
2558,umuhigo,pledge
2562,Umuhinde,"Indian person"
5283,umuhindiro,rumble
2563,umuhindo,"wet season"
2566,umuhini,"hoe handle"
2569,umuhinzi,farmer
2572,umuhisi,passerby
2574,umuhoberano,hug
2576,umuhogo,throat
2578,Umuholandi,"Dutch person"
2581,umuhondo,yellow
2584,umuhore,flesh
2587,umuhoro,sickle
5345,umuhumetso,sling
2607,umuhungu,boy
2615,umuhuza,mediator
2689,umuja,servant
2705,umujinya,anger
2715,umujura,thief
4378,umujyana,artery
2723,umujyanama,advisor
2726,umujyi,town
2738,umukambwe,"old man"
2746,umukandara,belt
2748,umukandida,candidate
2753,umukanishi,mechanic
2755,umukannyi,tanner
2760,umukara,black
2761,umukarago,verse
2781,umukazana,"daughter in-law"
2784,umukebe,container
2785,umukecuru,"old woman"
2786,umukeka,mat
2792,umukene,"poor person"
5606,umukenke,savanna
2794,umukeno,poverty
2808,umukindo,"palm tree"
2814,umukinnyi,player
2815,umukino,game
2820,umukiranutsi,"righteous person"
2822,umukire,"rich person"
2825,umukiriya,customer
2827,umukiza,saviour
2828,umukoba,whip
2830,umukobwa,girl
2839,umukoloni,colonizer
4368,umukono,signature
2873,umukoresha,employer
2878,umukoro,task
2879,umukoropesho,mop
2890,umukozi,worker
2892,Umukristo,Christian
2896,umukubuzo,broom
2897,umukufi,necklace
2899,umukumbi,"flock of sheep"
2902,umukumirizi,guard
2906,umukundwa,beloved
2910,umukungugu,dust
2911,umukunzi,fiance
2912,umukurambere,patriarch
2929,umukwe,son-in-law
2930,umukwege,wire
2938,umuleti,omelette
2942,umuliyetona,lieutenant
2956,umumarayika,angel
2960,umumaro,use
5623,umumenyi,scholar
2980,umumeshi,launderer
5024,umumisha,artery
3010,umunani,inheritance
3011,umunaniro,tiredness
3013,umunara,tower
3017,umunebwe,"lazy person"
3018,umuneke,"banana (ripe)"
3019,umunezero,happiness
3026,umunkanyari,wrinkle
3032,umunota,"minute (of time)"
3033,umunsi,day
3039,umuntu,person
4695,umununi,sunbird
3041,umunwa,lips
3043,umunya,"person of"
5137,umunyabugeni,artist
4428,umunyabwenge,"wise person"
3050,umunyabyaha,sinner
3054,Umunyakanada,"Canadian person"
3057,Umunyakoreya,"Korean person"
5328,umunyakuri,"honest person"
3062,umunyamaboko,"strong person"
5644,umunyamahane,"rude person"
3070,Umunyamerika,"American person"
3074,umunyamwaga,"harsh person"
3078,umunyana,part
3091,Umunyarwanda,"Rwandan person"
3098,umunyeshuri,student
3099,umunyetorero,"church member"
3100,umunyezamu,watchman
3126,umunyorogoto,earthworm
3885,umunyu,salt
3135,umunyururu,chain
3139,umunzenze,"wild olive"
3163,umupadiri,"Catholic priest"
3164,umupagani,pagan
3170,umupaka,border
3177,umupanga,machete
3193,umupasitori,pastor
3206,umupfakazi,widow
3211,umupfu,dead
3214,umupfuko,purse
3215,umupfumu,"witch doctor"
3228,umupira,ball
3235,umupolisi,policeman
5025,umura,uterus
3262,umuraba,"wave of water"
3263,umurabyo,lightning
3266,umurage,inheritance
4644,umuraguzi,fortune-teller
3271,umurama,"type of tree"
3272,umurambararo,diameter
3273,umurambo,corpse
3274,umuramu,"brother in-law"
3275,umuramukazi,"sister in-law"
3290,umurasire,ray
3293,umurava,determination
3296,umurayiki,layperson
3304,umuremyi,creator
3317,umurezi,educator
3323,umuriko,spoon
3324,umurima,garden
5352,umurimbo,jewelry
3329,umurimo,business
3330,umuringa,brass
4736,umuringa,"bronze (metal)"
3333,umurinzi,guard
3337,umuriri,"noise of crowd"
3338,umuririmbyi,singer
3339,umuriro,fire
3341,umurizo,tail
3346,umurobyi,fisherman
3353,umurongo,line
5170,umurozi,witch
3374,Umurundi,"Burundian person"
3373,umurundi,shin
5214,Umurusi,"Russian person"
3380,umurwa,capital
3382,umurwayi,"sick person"
3383,umurwi,department
3384,umuryango,family
3385,umuryango,doorway
3387,umuryasenge,mosquito
3395,umusabirizi,beggar
3413,umusambanyi,adulterer
3415,umusambi,"grass mat"
3416,umusambi,"crested crane"
3423,umusangwa,"familiar guest"
5441,umusangwa,host
3424,umusaniro,production
3426,umusanzu,contribution
3429,umusaraba,cross
3430,umusarani,toilet
3431,umusare,sailor
5153,umusaruro,harvest
5701,umusave,Markhamia
3439,umusaza,elder
3441,umusazi,"crazy person"
3447,umusego,cushion
3450,umuseke,dawn
5704,umusekera,"large sourplum"
3455,umusemburo,yeast
3457,umusenateri,senator
5023,Umusenyeri,Monsignor
3466,umusenyi,sand
3469,umuserebanya,lizard
3475,umuseso,dawn
3480,umushahara,wage
3499,umusheru,"dark brown goat"
3505,umushinga,project
3509,umushino,"labia minora"
3511,Umushinwa,"Chinese person"
3524,umushoferi,driver
5705,umushubi,"Arabian num-num"
3532,umushumba,shepherd
3545,umushushwe,mouse
3548,umushuti,friend
3573,umushyitsi,guest
3574,umushyitsi,trembling
4523,umushyo,"small knife"
3582,umusifuzi,referee
5600,umusigiti,masjid
3590,umusimbura,replacement
3596,umusinzi,"drunk person"
3597,umusirikare,soldier
5243,umusirimu,chic
5105,umusitari,line
3604,umusizi,poet
3611,umusoda,soldier
4944,umusogwe,legume
3622,umusomyi,reader
3626,umusoresha,"tax collector"
3627,umusoreshwa,"tax payer"
3629,umusoro,tax
3634,umusozi,hill
3635,umusozo,conclusion
3644,umusumari,nail
3646,umusumeno,saw
4616,umusundwe,leech
5304,umusururu,"sorghum beer"
3651,umususu,apprehension
5216,Umusuwisi,"Swiss person"
3655,umuswa,fool
3656,umuswa,termite
5640,umutabazi,rescuer
3667,umutagatifu,saint
3672,umutaka,umbrella
3674,umutako,ornament
3694,umutangizi,beginner
3717,umutasi,spy
3718,umutavu,"very young calf"
3730,umutegetsi,administrator
3733,umutego,trap
3737,umuteja,"green bean"
3741,umutekano,security
3750,umutemeri,"cover for gourd"
3751,umutende,wheel
3761,umutesi,joker
3763,umuteto,affection
3764,umutetsi,cook
3766,umuti,medicine
3767,umutiba,beehive
3771,umutima,heart
3772,umutimanama,conscience
3768,umutingito,earthquake
3776,umutini,"fig tree"
3778,umutobe,juice
5429,umutongero,spell
3789,umutoni,"favourite person"
3799,umutoza,coach
4440,umutsi,tendon
4729,umutubu,"tree frog"
3815,umutuku,red
3829,umutungo,possession
3830,umutungu,tadpole
3834,umutunzi,"rich person"
3836,umuturage,citizen
3837,umuturanyi,neighbour
3849,umututu,crack
3854,umutwara,driver
3856,umutware,chief
3860,umutwaro,burden
3861,umutwe,head
3895,umuvandimwe,relative
3904,umuvuduko,speed
3906,umuvugizi,spokesperson
3908,umuvugo,poem
4647,umuvumba,current
3914,umuvumbi,downpour
3917,umuvumo,curse
3918,umuvumu,"sycamore tree"
3919,umuvundaguro,mess
3925,umuvunyi,ombudsman
5739,umuvure,"wooden bowl"
3928,umuvurungano,chaos
3933,umuvuzi,doctor
3937,umuyaga,wind
3939,Umuyahudi,"Jewish person"
3940,Umuyapani,"Japanese person"
3942,umuyaya,maid
3943,umuyego,movement
5730,Umuyezuwiti,"Jesuit (priest)"
3948,Umuyisilamu,Muslim
3949,umuyoboke,follower
3950,umuyoboro,canal
3952,umuyobozi,leader
3955,Umuyuda,Jew
3959,umuzabibu,grape
3966,umuzamu,watchman
4642,umuze,disease
3969,umuzenguruko,surroundings
3972,umuzi,root
3976,umuziki,music
3980,umuzimu,"ancestral spirit"
3988,umuziranenge,"perfect person"
3998,umuzuko,resurrection
3999,umuzungu,"white person"
1890,umwaga,harshness
1899,umwaka,year
1902,umwaku,"bad luck"
4602,umwakura,nerve
1903,umwambaro,"item of clothing"
1907,umwambi,arrow
1914,umwami,king
1915,umwamikazi,queen
1921,umwana,child
1923,umwanda,dirt
1928,umwanditsi,writer
1929,umwandu,inheritance
1941,umwanya,space
1942,umwanyazina,namespace
1945,umwanzi,enemy
1946,umwanzuro,"final word"
1952,Umwarabu,"Arab person"
1954,umwari,maiden
1955,umwarimu,teacher
1957,umwaro,lakeshore
1960,umwashi,triangle
2258,umwembe,mango
2259,umwenda,cloth
2260,umwenda,debt
2262,umwene,"owner of"
2263,umwenegihugu,citizen
2268,umwera,"white person"
2269,umwera,"dry skin"
2274,umwero,"harvest time"
2275,umweru,white
2279,umwete,interest
4974,umwibone,"proud person"
2625,umwicanyi,murderer
2632,umwiga,learner
2634,umwigannyi,fake
2643,umwigishwa,disciple
4904,umwiherero,retreat
2648,umwijima,darkness
2651,umwikarago,centre
4832,umwiko,trowel
2654,umwimerere,original
2656,umwinjira,"step father"
2658,umwinjiro,entrance
2659,umwinjizo,entrance
2665,umwirabura,"African person"
2670,umwirondoro,description
2671,umwirongi,flute
2676,umwishywa,nephew
2680,umwitozo,practice
2687,umwizera,believer
3142,umwobo,hole
3153,Umwongereza,"English person"
3159,umwotsi,smoke
4728,umwoyo,rectum
3867,umwubatsi,builder
3868,umwuga,art
3873,umwuka,breath
3877,umwumbati,cassava
3882,umwungeri,shepherd
3884,umwungu,pumpkin
3891,umwuzukuru,grandchild
3892,umwuzure,flood
1985,urubaho,board
1998,urubanza,"court case"
2020,urubavu,rib
4329,urubibi,limit
2048,urubingo,"reed (plant)"
2076,urubuga,forum
2087,urubura,"hail stones"
2102,urubyaro,heirs
2112,urubyiruko,youth
2233,urudodo,thread
2299,urufatiro,foundation
2323,urufunguzo,key
2327,urufunzo,"papyrus swamp"
2355,uruganda,factory
2370,urugara,rim
2396,urugendo,journey
2411,urugero,example
3871,urugi,door
2431,urugo,home
2445,urugomo,trouble
2454,urugori,"hair decorations"
2468,uruguma,wound
2489,urugwiro,hospitality
2492,uruhago,bladder
2498,uruhame,public
2506,uruhande,side
2512,uruhanga,forehead
4991,uruhara,baldness
2520,uruhare,place
4902,uruheke,grain
2565,Uruhindu,Hinduism
2567,uruhinja,infant
2580,uruhombo,pipe
2592,uruhu,"animal hide"
2602,uruhumbu,mould
2613,uruhushya,permission
2703,urujijo,mystery
4676,urujwiri,"curly hair"
2719,urujya,coming
2762,urukarakara,"unfired brick"
2800,urukero,saw
2805,urukiko,court
2812,urukingo,vaccine
2818,urukiramende,rectangle
5687,urukoko,"skin on milk"
4615,urukonda,drool
2900,urukumbuzi,nostalgia
2905,urukundo,love
4498,urukungu,weed
2923,urukuta,wall
2927,urukwavu,rabbit
2934,urukweto,shoe
2935,urukwi,firewood
5369,urumambo,stake
2953,urumambo,post
2970,urume,dew
4369,urumeza,goosebumps
4962,urumogi,cannabis
3000,urumuri,light
5346,urunigi,necklace
3086,urunyanya,tomato
3111,urunyo,maggot
3167,urupahu,"large spoon"
3185,urupapuro,page
3212,urupfu,death
3261,urura,intestines
3264,ururabyo,flower
4870,urureri,"umbilical cord"
3327,ururimi,language
3344,ururo,"millet seed"
3408,urusake,rooster
3410,urusaku,noise
4639,urusamagwe,panther
3458,urusenda,"chilli pepper"
3463,urusengero,"church building"
3507,urushinge,needle
3518,urushishi,ant
3535,urushundura,"fishing net"
3550,urushwima,ascites
3563,urushyi,"palm of hand"
3579,urushyungute,whistle
3587,urusika,"interior wall"
4776,urusobe,complexity
3620,urusokozo,comb
3657,urusya,"pubic hair"
3658,urusyo,"grinding stone"
3711,urutare,"large rock"
4494,urutete,kernel
4937,urutezo,perineum
5684,uruti,pillar
3775,urutindo,bridge
4461,urutirigongo,spine
3783,urutoki,finger
5106,urutonde,list
3796,urutoryi,aubergine
3800,urutozi,"pincher ant"
3814,urutugu,shoulder
3832,urutunguru,onion
4390,uruvi,"white hair"
3901,uruvu,chameleon
3944,uruyige,locust
3956,uruyuki,bee
5751,uruyuzi,"pumpkin seed"
3958,uruza,going
3960,uruzabibu,vineyard
3889,uruzi,river
3975,uruziga,circle
5413,uruzingo,"emaciated person"
4633,uruziramire,python
3991,uruzitiro,fence
1895,urwagwa,"sorghum beer"
1917,urwamu,"loud noise"
1926,urwandiko,letter
1932,urwango,hatred
4380,urwano,clavicle
1951,urwara,nail
2256,urwego,ladder
4468,urwembe,razor
5445,urwengero,brewery
2272,urwererane,"bright whiteness"
2624,urwibutso,souvenir
2628,urwicundo,swing
2647,urwijiji,haze
4437,urwikekwe,suspicion
2657,urwinjiriro,entrance
5618,urwiru,"queen bee"
2673,urwirungu,"colour of ash"
2683,urwitwazo,excuse
3143,urwobo,hole
4374,urwungano,organ
4590,urwunge,collection
4360,urwunguko,profit
5515,urwunyunyu,saltiness
3886,urwuri,pasture
4480,uturegeka,ellipses
1925,uwandikiwe,recipient
2270,Uwera,"Holy One"
5275,verisiyo,version
3899,virusi,virus
3935,Werurwe,March
3954,yubile,jubilee
3963,zahabu,gold
